{"cameraMode":{"drawMode":0,"name":"Shaded","section":"Shading Mode"},"sceneLighting":true,"audioPlay":false,"sceneViewState":{"showFog":true,"showMaterialUpdate":false,"showSkybox":true,"showFlares":true,"showImageEffects":true,"showParticleSystems":true},"in2DMode":false,"pivot":{"x":66.87140655517578,"y":8.912203788757325,"z":92.54904174804688},"rotation":{"x":0.10846641659736633,"y":-0.8300456404685974,"z":0.17353428900241853,"w":0.5187920331954956},"size":3.911571502685547,"orthographic":true}