{"cameraMode":{"drawMode":0,"name":"Shaded","section":"Shading Mode"},"sceneLighting":false,"audioPlay":false,"sceneViewState":{"showFog":true,"showMaterialUpdate":false,"showSkybox":true,"showFlares":true,"showImageEffects":true,"showParticleSystems":true},"in2DMode":false,"pivot":{"x":66.93109893798828,"y":8.897902488708496,"z":92.93046569824219},"rotation":{"x":-0.12321878969669342,"y":0.8048505783081055,"z":-0.17964263260364533,"w":-0.5520519614219666},"size":2.471235752105713,"orthographic":true}