{"cameraMode":{"drawMode":0,"name":"Shaded","section":"Shading Mode"},"sceneLighting":false,"audioPlay":false,"sceneViewState":{"showFog":true,"showMaterialUpdate":false,"showSkybox":true,"showFlares":true,"showImageEffects":true,"showParticleSystems":true},"in2DMode":false,"pivot":{"x":270.336181640625,"y":27.51123046875,"z":-3098.17236328125},"rotation":{"x":-0.03736754506826401,"y":0.9582282304763794,"z":-0.1480710506439209,"w":-0.24182076752185822},"size":3435.70068359375,"orthographic":false}