{"cameraMode":{"drawMode":0,"name":"Shaded","section":"Shading Mode"},"sceneLighting":false,"audioPlay":false,"sceneViewState":{"showFog":true,"showMaterialUpdate":false,"showSkybox":true,"showFlares":true,"showImageEffects":true,"showParticleSystems":true},"in2DMode":false,"pivot":{"x":66.7547836303711,"y":8.653583526611329,"z":92.60494995117188},"rotation":{"x":0.0008461407851427794,"y":-0.9493891596794128,"z":0.31409090757369997,"w":0.00255730003118515},"size":6.725356578826904,"orthographic":true}