{"cameraMode":{"drawMode":0,"name":"Shaded","section":"Shading Mode"},"sceneLighting":false,"audioPlay":false,"sceneViewState":{"showFog":false,"showMaterialUpdate":false,"showSkybox":false,"showFlares":false,"showImageEffects":false,"showParticleSystems":false},"in2DMode":false,"pivot":{"x":5.327000141143799,"y":0.3799999952316284,"z":-3.9600000381469728},"rotation":{"x":-0.002039396669715643,"y":0.9966973662376404,"z":0.0236045029014349,"w":0.0814690887928009},"size":2.00614333152771,"orthographic":false}