{"cameraMode":{"drawMode":0,"name":"Shaded","section":"Shading Mode"},"sceneLighting":true,"audioPlay":false,"sceneViewState":{"showFog":true,"showMaterialUpdate":true,"showSkybox":true,"showFlares":true,"showImageEffects":true,"showParticleSystems":true},"in2DMode":false,"pivot":{"x":-9.625143051147461,"y":4.060429573059082,"z":-4.292807102203369},"rotation":{"x":0.004464474506676197,"y":-0.052260614931583408,"z":-0.00010800276504596695,"w":-0.9989257454872131},"size":0.008546590805053711,"orthographic":false}