{"cameraMode":{"drawMode":0,"name":"Shaded","section":"Shading Mode"},"sceneLighting":false,"audioPlay":false,"sceneViewState":{"showFog":false,"showMaterialUpdate":false,"showSkybox":false,"showFlares":false,"showImageEffects":false,"showParticleSystems":false},"in2DMode":false,"pivot":{"x":3.872915744781494,"y":0.01195526123046875,"z":-3.836578130722046},"rotation":{"x":0.0014496234944090248,"y":0.9505083560943604,"z":-0.31163057684898379,"w":0.004851343110203743},"size":1.313692569732666,"orthographic":false}