{"cameraMode":{"drawMode":0,"name":"Shaded","section":"Shading Mode"},"sceneLighting":false,"audioPlay":false,"sceneViewState":{"showFog":false,"showMaterialUpdate":false,"showSkybox":false,"showFlares":false,"showImageEffects":false,"showParticleSystems":false},"in2DMode":false,"pivot":{"x":14.746208190917969,"y":3.5450024604797365,"z":6.376692295074463},"rotation":{"x":0.31649699807167055,"y":-0.07002156227827072,"z":0.023043233901262285,"w":0.9460554122924805},"size":2.7559163570404054,"orthographic":false}