{"cameraMode":{"drawMode":0,"name":"Shaded","section":"Shading Mode"},"sceneLighting":true,"audioPlay":false,"sceneViewState":{"showFog":true,"showMaterialUpdate":true,"showSkybox":true,"showFlares":true,"showImageEffects":true,"showParticleSystems":true},"in2DMode":false,"pivot":{"x":-9.454086303710938,"y":4.288345813751221,"z":-2.9925007820129396},"rotation":{"x":-0.0013051530113443733,"y":-0.08649678528308869,"z":0.04022850841283798,"w":-0.9984138011932373},"size":0.2710309624671936,"orthographic":false}