{"cameraMode":{"drawMode":0,"name":"Shaded","section":"Shading Mode"},"sceneLighting":false,"audioPlay":false,"sceneViewState":{"showFog":false,"showMaterialUpdate":false,"showSkybox":false,"showFlares":false,"showImageEffects":false,"showParticleSystems":false},"in2DMode":false,"pivot":{"x":1.9977941513061524,"y":0.14466513693332673,"z":0.005873441696166992},"rotation":{"x":-0.002039396669715643,"y":0.9966973662376404,"z":0.0236045029014349,"w":0.0814690887928009},"size":5.696000576019287,"orthographic":false}