{"cameraMode":{"drawMode":0,"name":"Shaded","section":"Shading Mode"},"sceneLighting":false,"audioPlay":false,"sceneViewState":{"showFog":false,"showMaterialUpdate":false,"showSkybox":false,"showFlares":false,"showImageEffects":false,"showParticleSystems":false},"in2DMode":false,"pivot":{"x":0.4279618263244629,"y":1.7814924716949463,"z":1.4402512311935425},"rotation":{"x":-0.002039396669715643,"y":0.9966973662376404,"z":0.0236045029014349,"w":0.0814690887928009},"size":2.6861331462860109,"orthographic":false}