{"cameraMode":{"drawMode":0,"name":"Shaded","section":"Shading Mode"},"sceneLighting":false,"audioPlay":false,"sceneViewState":{"showFog":false,"showMaterialUpdate":false,"showSkybox":false,"showFlares":false,"showImageEffects":false,"showParticleSystems":false},"in2DMode":false,"pivot":{"x":-2.7981386184692385,"y":1.514559268951416,"z":-12.439192771911621},"rotation":{"x":0.030772341415286065,"y":0.9693950414657593,"z":-0.17223425209522248,"w":0.17398206889629365},"size":0.9666735529899597,"orthographic":false}