{"cameraMode":{"drawMode":0,"name":"Shaded","section":"Shading Mode"},"sceneLighting":true,"audioPlay":false,"sceneViewState":{"showFog":false,"showMaterialUpdate":false,"showSkybox":false,"showFlares":false,"showImageEffects":false,"showParticleSystems":false},"in2DMode":false,"pivot":{"x":13.281198501586914,"y":4.806065559387207,"z":20.583179473876954},"rotation":{"x":0.14209607243537904,"y":0.05802568793296814,"z":-0.014722974970936776,"w":0.9901418089866638},"size":4.127758026123047,"orthographic":false}