{"cameraMode":{"drawMode":0,"name":"Shaded","section":"Shading Mode"},"sceneLighting":false,"audioPlay":false,"sceneViewState":{"showFog":false,"showMaterialUpdate":false,"showSkybox":false,"showFlares":false,"showImageEffects":false,"showParticleSystems":false},"in2DMode":false,"pivot":{"x":11.746000289916993,"y":4.304999828338623,"z":7.0960001945495609},"rotation":{"x":-0.17745423316955567,"y":0.5162304639816284,"z":-0.11009268462657929,"w":-0.8309758901596069},"size":3.6895134449005129,"orthographic":false}