{"cameraMode":{"drawMode":0,"name":"Shaded","section":"Shading Mode"},"sceneLighting":false,"audioPlay":false,"sceneViewState":{"showFog":true,"showMaterialUpdate":true,"showSkybox":true,"showFlares":true,"showImageEffects":true,"showParticleSystems":true},"in2DMode":false,"pivot":{"x":11.803587913513184,"y":4.7652130126953129,"z":5.618828773498535},"rotation":{"x":0.08503624051809311,"y":-0.5931522846221924,"z":0.013996830210089684,"w":0.80416339635849},"size":0.47702348232269289,"orthographic":false}