{"cameraMode":{"drawMode":0,"name":"Shaded","section":"Shading Mode"},"sceneLighting":false,"audioPlay":false,"sceneViewState":{"showFog":false,"showMaterialUpdate":false,"showSkybox":false,"showFlares":false,"showImageEffects":false,"showParticleSystems":false},"in2DMode":false,"pivot":{"x":4.098188400268555,"y":1.1910423040390015,"z":6.0550537109375},"rotation":{"x":-0.10204333811998368,"y":0.8688125610351563,"z":-0.20046399533748628,"w":-0.4417843222618103},"size":2.309497356414795,"orthographic":false}