{"cameraMode":{"drawMode":0,"name":"Shaded","section":"Shading Mode"},"sceneLighting":false,"audioPlay":false,"sceneViewState":{"showFog":false,"showMaterialUpdate":false,"showSkybox":false,"showFlares":false,"showImageEffects":false,"showParticleSystems":false},"in2DMode":false,"pivot":{"x":7.92170524597168,"y":3.5504279136657717,"z":2.232109785079956},"rotation":{"x":-0.048790428787469867,"y":0.46761953830718996,"z":0.025766324251890184,"w":0.8825522065162659},"size":0.20949751138687135,"orthographic":false}