{"cameraMode":{"drawMode":0,"name":"Shaded","section":"Shading Mode"},"sceneLighting":false,"audioPlay":false,"sceneViewState":{"showFog":false,"showMaterialUpdate":false,"showSkybox":false,"showFlares":false,"showImageEffects":false,"showParticleSystems":false},"in2DMode":false,"pivot":{"x":1.889374017715454,"y":0.5169937610626221,"z":4.200809478759766},"rotation":{"x":-0.002039396669715643,"y":0.9966973662376404,"z":0.0236045029014349,"w":0.0814690887928009},"size":1.6094672679901124,"orthographic":false}