{"cameraMode":{"drawMode":0,"name":"Shaded","section":"Shading Mode"},"sceneLighting":false,"audioPlay":false,"sceneViewState":{"showFog":false,"showMaterialUpdate":false,"showSkybox":false,"showFlares":false,"showImageEffects":false,"showParticleSystems":false},"in2DMode":false,"pivot":{"x":4.003115177154541,"y":0.5899999737739563,"z":-2.2260000705718996},"rotation":{"x":-0.002039396669715643,"y":0.9966973662376404,"z":0.0236045029014349,"w":0.0814690887928009},"size":2.286306858062744,"orthographic":false}