{"cameraMode":{"drawMode":0,"name":"Shaded","section":"Shading Mode"},"sceneLighting":true,"audioPlay":false,"sceneViewState":{"showFog":true,"showMaterialUpdate":true,"showSkybox":true,"showFlares":true,"showImageEffects":true,"showParticleSystems":true},"in2DMode":false,"pivot":{"x":-10.729996681213379,"y":3.684431552886963,"z":-9.048340797424317},"rotation":{"x":0.15668880939483643,"y":0.8291063904762268,"z":-0.2789718806743622,"w":0.45946604013442995},"size":2.2081761360168459,"orthographic":false}