{"cameraMode":{"drawMode":0,"name":"Shaded","section":"Shading Mode"},"sceneLighting":false,"audioPlay":false,"sceneViewState":{"showFog":false,"showMaterialUpdate":false,"showSkybox":false,"showFlares":false,"showImageEffects":false,"showParticleSystems":false},"in2DMode":false,"pivot":{"x":-9.979999542236329,"y":12.300000190734864,"z":4.639999866485596},"rotation":{"x":-0.028256528079509736,"y":-0.34498918056488039,"z":-0.017775245010852815,"w":0.9401791095733643},"size":1.7147314548492432,"orthographic":false}