{"cameraMode":{"drawMode":0,"name":"Shaded","section":"Shading Mode"},"sceneLighting":false,"audioPlay":false,"sceneViewState":{"showFog":false,"showMaterialUpdate":false,"showSkybox":false,"showFlares":false,"showImageEffects":false,"showParticleSystems":false},"in2DMode":false,"pivot":{"x":3.913177490234375,"y":0.0801929235458374,"z":-3.8823461532592775},"rotation":{"x":0.0063638389110565189,"y":0.9596079587936401,"z":-0.2814708650112152,"w":0.022170105949044229},"size":1.313692569732666,"orthographic":false}