{"cameraMode":{"drawMode":0,"name":"Shaded","section":"Shading Mode"},"sceneLighting":false,"audioPlay":false,"sceneViewState":{"showFog":false,"showMaterialUpdate":false,"showSkybox":false,"showFlares":false,"showImageEffects":false,"showParticleSystems":false},"in2DMode":false,"pivot":{"x":-1.9899998903274537,"y":1.435120940208435,"z":2.890000104904175},"rotation":{"x":0.11196791380643845,"y":-0.6376239657402039,"z":0.07212481647729874,"w":0.7610399127006531},"size":10.345425605773926,"orthographic":false}